Workbook

Sheet README
A1: Rain-X Wiper & Glass Care Division — Product Formulation Register and Regulatory Exposure
A2: TRAINING SAMPLE. Every product, plant, substance, regulator and figure in this workbook is fictional and was created for a Microsoft 365 Copilot enablement session. It is not ITW data, the ICHB does not exist, and nothing here may be used for any regulatory or business decision.
A4: Purpose: this workbook is the data half of the compliance exercise. It pairs with the sample regulatory bulletin and the sample safety data sheets. Leaders point Copilot at all three and ask which products are affected by a threshold change, which are not, and which cannot be determined from the documents they hold.
A6: Sheet | B6: What it holds | C6: What to ask Copilot about it
A7: Formulation Register | B7: Eight products with composition, volume, revenue, reformulation feasibility and cost, plus a status column against the new threshold. | C7: Which products are affected, and what revenue sits behind each status.
A8: Exposure Summary | B8: Live roll-up of products and revenue by status, total reformulation cost, and a breakdown by feasibility. | C8: What is the total exposure, and what share of it is genuinely uncertain.
A9: Volume Exemption Test | B9: A model testing each product against the bulletin's low-volume exemption ceiling, with the ceiling as a changeable input. | C9: Which exemptions are worth claiming, and what happens if the ceiling moves.
A11: Two things are planted here on purpose
A12: 1. Rain-X De-Icer Washer Fluid (WF-1200) cannot be classified. Its safety data sheet gives a range of 0.05 to 0.30 percent, which straddles the 0.1 percent threshold, so no honest answer exists without a batch assay. A good answer says so instead of picking a side.
A13: 2. Rain-X Bug & Tar Washer Fluid (WF-1800) is contradicted. This register records 0.04 percent; its safety data sheet records 0.40 percent. One says the product is clear, the other says it is affected. Finding that disagreement is the point of the exercise.
A15: Colour legend
A16: Blue text | B16: An input you can change to run a scenario
A17: Black text | B17: A live formula that recalculates when an input changes
A18: Red fill | B18: Affected, or a note about a data problem
A19: Amber fill | B19: Status cannot be determined from the documents supplied
A20: Teal fill | B20: A total or headline outcome

Sheet Formulation Register
A1: Rain-X Wiper & Glass Care Division — Product Formulation Register (illustrative sample data)
A2: Product Name | B2: Product Code | C2: Product Line | D2: Manufacturing Plant | E2: Annual Volume (kg) | F2: Annual Revenue ($K) | G2: ICHB-2291 Content (%) | H2: Other Regulated Content (%) | I2: Reformulation Feasibility | J2: Estimated Reformulation Cost ($K) | K2: Customer Approvals Required | L2: ICHB-2291 Status vs 0.1% Threshold | M2: Revenue at Risk ($K)
A3: Rain-X Latitude Beam Blade | B3: WB-4400 | C3: Wiper Blades - Premium | D3: Elgin Blade Works | E3: 620000 | F3: 2840 | G3: 0.0062 | H3: 0.014 | I3: Medium | J3: 340 | K3: Yes | L3: Affected | M3: =IF(L3="Not affected",0,F3)
A4: Rain-X WeatherBeater Blade | B4: WB-2100 | C4: Wiper Blades - Conventional | D4: Gdansk Blade Works | E4: 410000 | F4: 1960 | G4: 0.0004 | H4: 0.009 | I4: Not required | J4: 0 | K4: No | L4: Not affected | M4: =IF(L4="Not affected",0,F4)
A5: Rain-X All-Season Washer Fluid | B5: WF-7710 | C5: Washer Fluids | D5: Rockford Fluids | E5: 890000 | F5: 3150 | G5: 0.0038 | H5: 0.021 | I5: High | J5: 180 | K5: No | L5: Affected | M5: =IF(L5="Not affected",0,F5)
A6: Rain-X Original Glass Treatment | B6: GT-9000 | C6: Glass Treatments | D6: Greenville Glass Care | E6: 265000 | F6: 1420 | G6: 0 | H6: 0.0055 | I6: Not required | J6: 0 | K6: No | L6: Not affected | M6: =IF(L6="Not affected",0,F6)
A7: Rain-X De-Icer Washer Fluid | B7: WF-1200 | C7: Winter & De-Icer Fluids | D7: Suzhou Wiper Components | E7: 540000 | F7: 2270 | G7: 0 | H7: 0.018 | I7: Medium | J7: 260 | K7: No | L7: Cannot be determined | M7: =IF(L7="Not affected",0,F7)
A8: Rain-X Endura HD Blade | B8: WB-6300 | C8: Wiper Refills & Accessories | D8: Monterrey Blade Assembly | E8: 118000 | F8: 4180 | G8: 0.0091 | H8: 0.012 | I8: Low | J8: 720 | K8: Yes | L8: Affected | M8: =IF(L8="Not affected",0,F8)
A9: Rain-X Silicone Wiper Refill | B9: WR-5500 | C9: Wiper Refills & Accessories | D9: Gdansk Blade Works | E9: 240000 | F9: 1090 | G9: 0.0002 | H9: 0.007 | I9: Not required | J9: 0 | K9: No | L9: Not affected | M9: =IF(L9="Not affected",0,F9)
A10: Rain-X Bug & Tar Washer Fluid | B10: WF-1800 | C10: Washer Fluids | D10: Elgin Blade Works | E10: 310000 | F10: 1730 | G10: 0.0004 | H10: 0.016 | I10: High | J10: 145 | K10: No | L10: Cannot be determined | M10: =IF(L10="Not affected",0,F10)
A12: Note on Rain-X De-Icer Washer Fluid (WF-1200): the safety data sheet states ICHB-2291 content as a range of 0.05 to 0.30 percent, which straddles the new threshold. This register records 0 because no single figure was supplied. Status cannot be determined without a batch assay.
A13: Note on Rain-X Bug & Tar Washer Fluid (WF-1800): this register records 0.04 percent. The safety data sheet for the same product states 0.40 percent. The two documents disagree and the discrepancy has not been reconciled.

Sheet Exposure Summary
A1: ICHB Revision 7 Exposure Summary — ICHB-2291 threshold falling from 1.0% to 0.1% (illustrative sample data)
A3: Measure | B3: Products | C3: Annual Revenue ($K) | D3: % of the 8 products | E3: How it is derived
A4: Affected — above the new threshold | B4: =COUNTIF('Formulation Register'!L3:L10,"Affected") | C4: =SUMIF('Formulation Register'!L3:L10,"Affected",'Formulation Register'!F3:F10) | D4: =C4/$C$7 | E4: Products whose recorded ICHB-2291 content exceeds 0.1%
A5: Not affected — below the new threshold | B5: =COUNTIF('Formulation Register'!L3:L10,"Not affected") | C5: =SUMIF('Formulation Register'!L3:L10,"Not affected",'Formulation Register'!F3:F10) | D5: =C5/$C$7 | E5: Products clearly below 0.1% on both the register and the data sheet
A6: Cannot be determined | B6: =COUNTIF('Formulation Register'!L3:L10,"Cannot be determined") | C6: =SUMIF('Formulation Register'!L3:L10,"Cannot be determined",'Formulation Register'!F3:F10) | D6: =C6/$C$7 | E6: A stated range that straddles the threshold, or two sources that disagree
A7: Total across the register | B7: =SUM(B4:B6) | C7: =SUM(C4:C6) | D7: =C7/$C$7 | E7: Sum of the three rows above
A9: Reformulation exposure | B9: Value | C9: How it is derived
A10: Total estimated reformulation cost | B10: =SUM('Formulation Register'!J3:J10) | C10: Sum of the estimated cost column on the register
A11: Revenue at risk (affected plus undetermined) | B11: =SUM('Formulation Register'!M3:M10) | C11: Sum of the revenue at risk column on the register
A12: Reformulation cost as a share of revenue at risk | B12: =B10/B11 | C12: Total cost divided by revenue at risk
A13: Products requiring customer approval to reformulate | B13: =COUNTIF('Formulation Register'!K3:K10,"Yes") | C13: Count of Yes in the customer approvals column
A15: Reformulation feasibility | B15: Products | C15: Estimated cost ($K)
A16: High | B16: =COUNTIF('Formulation Register'!I3:I10,"High") | C16: =SUMIF('Formulation Register'!I3:I10,"High",'Formulation Register'!J3:J10)
A17: Medium | B17: =COUNTIF('Formulation Register'!I3:I10,"Medium") | C17: =SUMIF('Formulation Register'!I3:I10,"Medium",'Formulation Register'!J3:J10)
A18: Low | B18: =COUNTIF('Formulation Register'!I3:I10,"Low") | C18: =SUMIF('Formulation Register'!I3:I10,"Low",'Formulation Register'!J3:J10)
A19: Not required | B19: =COUNTIF('Formulation Register'!I3:I10,"Not required") | C19: =SUMIF('Formulation Register'!I3:I10,"Not required",'Formulation Register'!J3:J10)

Sheet Volume Exemption Test
A1: Low-Volume Exemption Test — ICHB Revision 7, Clause 6.2 (illustrative sample data)
A3: Input assumption | B3: Value | C3: Unit and source
A4: Exemption volume ceiling | B4: 250000 | C4: kg per year · ICHB Revision 7, Clause 6.2. Change this cell to test a different ceiling.
A6: Product | B6: Annual Volume (kg) | C6: Under the ceiling? | D6: ICHB-2291 Status | E6: Exemption relevant? | F6: Revenue ($K)
A7: ='Formulation Register'!A3 | B7: ='Formulation Register'!E3 | C7: =IF(B7<=$B$4,"Yes","No") | D7: ='Formulation Register'!L3 | E7: =IF(AND(C7="Yes",D7<>"Not affected"),"Worth claiming","No") | F7: ='Formulation Register'!F3
A8: ='Formulation Register'!A4 | B8: ='Formulation Register'!E4 | C8: =IF(B8<=$B$4,"Yes","No") | D8: ='Formulation Register'!L4 | E8: =IF(AND(C8="Yes",D8<>"Not affected"),"Worth claiming","No") | F8: ='Formulation Register'!F4
A9: ='Formulation Register'!A5 | B9: ='Formulation Register'!E5 | C9: =IF(B9<=$B$4,"Yes","No") | D9: ='Formulation Register'!L5 | E9: =IF(AND(C9="Yes",D9<>"Not affected"),"Worth claiming","No") | F9: ='Formulation Register'!F5
A10: ='Formulation Register'!A6 | B10: ='Formulation Register'!E6 | C10: =IF(B10<=$B$4,"Yes","No") | D10: ='Formulation Register'!L6 | E10: =IF(AND(C10="Yes",D10<>"Not affected"),"Worth claiming","No") | F10: ='Formulation Register'!F6
A11: ='Formulation Register'!A7 | B11: ='Formulation Register'!E7 | C11: =IF(B11<=$B$4,"Yes","No") | D11: ='Formulation Register'!L7 | E11: =IF(AND(C11="Yes",D11<>"Not affected"),"Worth claiming","No") | F11: ='Formulation Register'!F7
A12: ='Formulation Register'!A8 | B12: ='Formulation Register'!E8 | C12: =IF(B12<=$B$4,"Yes","No") | D12: ='Formulation Register'!L8 | E12: =IF(AND(C12="Yes",D12<>"Not affected"),"Worth claiming","No") | F12: ='Formulation Register'!F8
A13: ='Formulation Register'!A9 | B13: ='Formulation Register'!E9 | C13: =IF(B13<=$B$4,"Yes","No") | D13: ='Formulation Register'!L9 | E13: =IF(AND(C13="Yes",D13<>"Not affected"),"Worth claiming","No") | F13: ='Formulation Register'!F9
A14: ='Formulation Register'!A10 | B14: ='Formulation Register'!E10 | C14: =IF(B14<=$B$4,"Yes","No") | D14: ='Formulation Register'!L10 | E14: =IF(AND(C14="Yes",D14<>"Not affected"),"Worth claiming","No") | F14: ='Formulation Register'!F10
A16: Revenue that could be protected by a low-volume exemption | F16: =SUMIF(E7:E14,"Worth claiming",F7:F14)
A18: An exemption is only worth claiming where the product is affected or undetermined AND sits under the ceiling. Clause 6.3 requires a volume declaration, a technical justification and a substitution assessment for every claim.
